{"0":{"apple":0.1157333333,"huawei":0.0971659919,"lgco":0.0140703518,"nokia":0.0101317123,"pixel":0.027972028,"samsung":0.0303194369},"1":{"apple":0.0341333333,"huawei":0.0232793522,"lgco":0.0572864322,"nokia":0.0395136778,"pixel":0.0034965035,"samsung":0.0487276665},"10":{"apple":0.0458666667,"huawei":0.024291498,"lgco":0.1065326633,"nokia":0.0212765957,"pixel":0.0,"samsung":0.0384407147},"11":{"apple":0.0378666667,"huawei":0.0526315789,"lgco":0.1718592965,"nokia":0.0638297872,"pixel":0.006993007,"samsung":0.0611802924},"12":{"apple":0.1029333333,"huawei":0.0668016194,"lgco":0.0542713568,"nokia":0.0780141844,"pixel":0.0594405594,"samsung":0.1526800217},"13":{"apple":0.0704,"huawei":0.0850202429,"lgco":0.0884422111,"nokia":0.0567375887,"pixel":0.0594405594,"samsung":0.0790471034},"14":{"apple":0.0250666667,"huawei":0.028340081,"lgco":0.056281407,"nokia":0.0800405268,"pixel":0.0,"samsung":0.0189496481},"15":{"apple":0.0197333333,"huawei":0.0546558704,"lgco":0.016080402,"nokia":0.0070921986,"pixel":0.0,"samsung":0.0064970222},"16":{"apple":0.0341333333,"huawei":0.0698380567,"lgco":0.0633165829,"nokia":0.0607902736,"pixel":0.1958041958,"samsung":0.0757985923},"17":{"apple":0.0773333333,"huawei":0.1062753036,"lgco":0.0894472362,"nokia":0.0435663627,"pixel":0.0559440559,"samsung":0.0698429886},"18":{"apple":0.0469333333,"huawei":0.0182186235,"lgco":0.0251256281,"nokia":0.0344478217,"pixel":0.0,"samsung":0.0395235517},"19":{"apple":0.0213333333,"huawei":0.0,"lgco":0.0,"nokia":0.0,"pixel":0.0,"samsung":0.0005414185},"2":{"apple":0.0506666667,"huawei":0.036437247,"lgco":0.0381909548,"nokia":0.0253292806,"pixel":0.0034965035,"samsung":0.0465619924},"3":{"apple":0.0608,"huawei":0.0455465587,"lgco":0.0020100503,"nokia":0.0192502533,"pixel":0.0104895105,"samsung":0.09853817},"4":{"apple":0.0496,"huawei":0.0516194332,"lgco":0.0603015075,"nokia":0.1084093212,"pixel":0.0,"samsung":0.0238224147},"5":{"apple":0.0064,"huawei":0.0070850202,"lgco":0.0020100503,"nokia":0.0121580547,"pixel":0.506993007,"samsung":0.0519761776},"6":{"apple":0.0597333333,"huawei":0.0809716599,"lgco":0.016080402,"nokia":0.0658561297,"pixel":0.006993007,"samsung":0.0286951814},"7":{"apple":0.0485333333,"huawei":0.0769230769,"lgco":0.0452261307,"nokia":0.1175278622,"pixel":0.0314685315,"samsung":0.0498105035},"8":{"apple":0.0741333333,"huawei":0.0394736842,"lgco":0.0261306533,"nokia":0.0455927052,"pixel":0.0314685315,"samsung":0.0232809962},"9":{"apple":0.0186666667,"huawei":0.0354251012,"lgco":0.0673366834,"nokia":0.1104356636,"pixel":0.0,"samsung":0.0557661072}}